Employee ID,First Name,Last Name,Position,Department,Salary,Email,Phone Number
101,John,Doe,Manager,Sales,75000,john.doe@example.com,555-123-4567
102,Jane,Smith,Engineer,Engineering,90000,jane.smith@example.com,555-234-5678
103,Michael,Johnson,Analyst,Finance,60000,michael.johnson@example.com,555-345-6789
104,Susan,Williams,Designer,Marketing,65000,susan.williams@example.com,555-456-7890
105,David,Brown,Technician,IT,55000,david.brown@example.com,555-567-8901
106,Emily,Jones,Coordinator,HR,50000,emily.jones@example.com,555-678-9012
107,Robert,Lee,Developer,Engineering,80000,robert.lee@example.com,555-789-0123
108,Sarah,Miller,Manager,Operations,70000,sarah.miller@example.com,555-890-1234
109,William,Wilson,Analyst,Finance,60000,william.wilson@example.com,555-901-2345
110,Amy,Anderson,Designer,Marketing,65000,amy.anderson@example.com,555-012-3456
111,James,Thomas,Technician,IT,55000,james.thomas@example.com,555-123-4567
112,Linda,Jackson,Coordinator,HR,50000,linda.jackson@example.com,555-234-5678
113,Charles,White,Developer,Engineering,80000,charles.white@example.com,555-345-6789
114,Anna,Harris,Manager,Sales,70000,anna.harris@example.com,555-456-7890
115,Daniel,Martin,Engineer,Engineering,90000,daniel.martin@example.com,555-567-8901
116,Elizabeth,Thompson,Analyst,Finance,60000,elizabeth.thompson@example.com,555-678-9012
117,Matthew,Garcia,Designer,Marketing,65000,matthew.garcia@example.com,555-789-0123
118,Karen,Martinez,Technician,IT,55000,karen.martinez@example.com,555-890-1234
119,Andrew,Robinson,Coordinator,HR,50000,andrew.robinson@example.com,555-901-2345
120,Rebecca,Clark,Developer,Engineering,80000,rebecca.clark@example.com,555-012-3456
121,Patrick,Allen,Manager,Operations,75000,patrick.allen@example.com,555-123-4567
122,Ashley,Young,Analyst,Finance,60000,ashley.young@example.com,555-234-5678
123,Christopher,Hall,Designer,Marketing,65000,christopher.hall@example.com,555-345-6789
124,Mary,Lopez,Technician,IT,55000,mary.lopez@example.com,555-456-7890
125,Joseph,Adams,Coordinator,HR,50000,joseph.adams@example.com,555-567-8901
126,Nicole,Hill,Developer,Engineering,80000,nicole.hill@example.com,555-678-9012
127,David,Rivera,Manager,Sales,70000,david.rivera@example.com,555-789-0123
128,Megan,Campbell,Engineer,Engineering,90000,megan.campbell@example.com,555-890-1234
129,William,Turner,Analyst,Finance,60000,william.turner@example.com,555-901-2345
130,Sophia,Stewart,Designer,Marketing,65000,sophia.stewart@example.com,555-012-3456
131,Jason,Morris,Technician,IT,55000,jason.morris@example.com,555-123-4567
132,Emily,Collins,Coordinator,HR,50000,emily.collins@example.com,555-234-5678
133,Robert,Bennett,Developer,Engineering,80000,robert.bennett@example.com,555-345-6789
134,Amanda,Phillips,Manager,Operations,75000,amanda.phillips@example.com,555-456-7890
135,David,Ross,Analyst,Finance,60000,david.ross@example.com,555-567-8901
136,Samantha,Reed,Designer,Marketing,65000,samantha.reed@example.com,555-678-9012
137,Joseph,Cook,Technician,IT,55000,joseph.cook@example.com,555-789-0123
138,Christina,Murphy,Coordinator,HR,50000,christina.murphy@example.com,555-890-1234
139,Charles,Bailey,Developer,Engineering,80000,charles.bailey@example.com,555-901-2345
140,Laura,Rogers,Manager,Sales,70000,laura.rogers@example.com,555-012-3456
141,Andrew,Parker,Engineer,Engineering,90000,andrew.parker@example.com,555-123-4567
142,Kimberly,Ward,Analyst,Finance,60000,kimberly.ward@example.com,555-234-5678
143,John,Collins,Designer,Marketing,65000,john.collins@example.com,555-345-6789
144,Melissa,Brooks,Technician,IT,55000,melissa.brooks@example.com,555-456-7890
145,Steven,Price,Coordinator,HR,50000,steven.price@example.com,555-567-8901
146,Michelle,Watson,Developer,Engineering,80000,michelle.watson@example.com,555-678-9012
147,Richard,Perez,Manager,Operations,75000,richard.perez@example.com,555-789-0123
148,Amy,Gray,Analyst,Finance,60000,amy.gray@example.com,555-890-1234
149,David,Rossi,Designer,Marketing,65000,david.rossi@example.com,555-901-2345
150,Stephanie,Bell,Technician,IT,55000,stephanie.bell@example.com,555-012-3456
151,Thomas,Turner,Coordinator,HR,50000,thomas.turner@example.com,555-123-4567
152,Emily,Wright,Developer,Engineering,80000,emily.wright@example.com,555-234-5678
153,Joshua,King,Manager,Sales,75000,joshua.king@example.com,555-345-6789
154,Julia,Adams,Engineer,Engineering,90000,julia.adams@example.com,555-456-7890
155,Daniel,Campbell,Analyst,Finance,60000,daniel.campbell@example.com,555-567-8901
156,Ashley,Hill,Designer,Marketing,65000,ashley.hill@example.com,555-678-9012
157,Michael,Allen,Technician,IT,55000,michael.allen@example.com,555-789-0123
158,Lisa,Young,Coordinator,HR,50000,lisa.young@example.com,555-890-1234
159,Steven,Cox,Developer,Engineering,80000,steven.cox@example.com,555-901-2345
160,Sophia,Parker,Manager,Sales,70000,sophia.parker@example.com,555-012-3456
161,Charles,Ward,Analyst,Finance,60000,charles.ward@example.com,555-123-4567
162,Elizabeth,Gray,Designer,Marketing,65000,elizabeth.gray@example.com,555-234-5678
163,Matthew,Hughes,Technician,IT,55000,matthew.hughes@example.com,555-345-6789
164,Olivia,Brooks,Coordinator,HR,50000,olivia.brooks@example.com,555-456-7890
165,Andrew,Cook,Developer,Engineering,80000,andrew.cook@example.com,555-567-8901
166,Natalie,Murphy,Manager,Sales,75000,natalie.murphy@example.com,555-678-9012
167,William,Morris,Engineer,Engineering,90000,william.morris@example.com,555-789-0123
168,Jessica,Watson,Analyst,Finance,60000,jessica.watson@example.com,555-890-1234
169,James,Bell,Designer,Marketing,65000,james.bell@example.com,555-901-2345
170,Laura,Stewart,Technician,IT,55000,laura.stewart@example.com,555-012-3456
171,Michael,Reed,Coordinator,HR,50000,michael.reed@example.com,555-123-4567
172,Emily,Cook,Developer,Engineering,80000,emily.cook@example.com,555-234-5678
173,David,Phillips,Manager,Sales,75000,david.phillips@example.com,555-345-6789
174,Stephanie,Rogers,Engineer,Engineering,90000,stephanie.rogers@example.com,555-456-7890
175,Jason,Garcia,Analyst,Finance,60000,jason.garcia@example.com,555-567-8901
176,Amanda,Foster,Designer,Marketing,65000,amanda.foster@example.com,555-678-9012
177,Matthew,Wright,Technician,IT,55000,matthew.wright@example.com,555-789-0123
178,Rebecca,Hall,Coordinator,HR,50000,rebecca.hall@example.com,555-890-1234
179,Andrew,Hughes,Developer,Engineering,80000,andrew.hughes@example.com,555-901-2345
180,Emily,Allen,Manager,Sales,70000,emily.allen@example.com,555-012-3456
181,David,King,Analyst,Finance,60000,david.king@example.com,555-123-4567
182,Jessica,Martin,Designer,Marketing,65000,jessica.martin@example.com,555-234-5678
183,John,Cooper,Technician,IT,55000,john.cooper@example.com,555-345-6789
184,Sarah,Wilson,Coordinator,HR,50000,sarah.wilson@example.com,555-456-7890
185,Michael,Richardson,Developer,Engineering,80000,michael.richardson@example.com,555-567-8901
186,Christine,Hall,Manager,Sales,75000,christine.hall@example.com,555-678-9012
187,Kevin,Green,Engineer,Engineering,90000,kevin.green@example.com,555-789-0123
188,Laura,Ward,Analyst,Finance,60000,laura.ward@example.com,555-890-1234
189,William,Murphy,Designer,Marketing,65000,william.murphy@example.com,555-901-2345
190,Anna,Johnson,Technician,IT,55000,anna.johnson@example.com,555-012-3456
191,Brian,Carter,Coordinator,HR,50000,brian.carter@example.com,555-123-4567
192,Melissa,Young,Developer,Engineering,80000,melissa.young@example.com,555-234-5678
193,Robert,Allen,Manager,Sales,75000,robert.allen@example.com,555-345-6789
194,Victoria,Scott,Analyst,Finance,60000,victoria.scott@example.com,555-456-7890
195,Andrew,Bell,Designer,Marketing,65000,andrew.bell@example.com,555-567-8901
196,Jennifer,Cook,Technician,IT,55000,jennifer.cook@example.com,555-678-9012
197,Jonathan,Lopez,Coordinator,HR,50000,jonathan.lopez@example.com,555-789-0123
198,Emily,Gonzalez,Developer,Engineering,80000,emily.gonzalez@example.com,555-890-1234
199,Brandon,Turner,Manager,Sales,70000,brandon.turner@example.com,555-901-2345
200,Amanda,Parker,Engineer,Engineering,90000,amanda.parker@example.com,555-012-3456